Spot Pairs,Order Type,Direction,Filled Value,Filled Price,Filled Quantity,Fees,Transaction ID,Order No.,Timestamp (UTC+0)
PEPEUSDT,MARKET,BUY,199.99999887000000000000,0.00001782200000000000,11222085.00000000000000000000,20199.75300000000000000000,2280000000789741622,1827826225054488832,2024-11-26 14:04:25
DOGEUSDT,MARKET,BUY,169.16108300000000000000,0.37583000000000000000,450.10000000000000000000,0.81018000000000000000,2200000000393942275,1827824689167472896,2024-11-26 14:01:22
DOGEUSDT,MARKET,BUY,30.81724000000000000000,0.37582000000000000000,82.00000000000000000000,0.14760000000000000000,2200000000393942274,1827824689167472896,2024-11-26 14:01:22
XRPUSDT,MARKET,BUY,199.99841700000000000000,1.34670000000000000000,148.51000000000000000000,0.26731800000000000000,2260000000752367736,1827824552164727040,2024-11-26 14:01:06
SOLUSDT,LIMIT,BUY,199.92948000000000000000,228.23000000000000000000,0.87600000000000000000,0.00157680000000000000,2210000000524830220,1827824310069500160,2024-11-26 14:00:37
BONKUSDT,MARKET,BUY,199.99999941168000000000,0.00005158920000000000,3876780.40000000000000000000,6978.20472000000000000000,2260000000727923154,1824222672448657664,2024-11-21 14:44:48
WIFUSDT,MARKET,BUY,172.43602000000000000000,3.28700000000000000000,52.46000000000000000000,0.09442800000000000000,2260000000727922325,1824222513283209472,2024-11-21 14:44:29
WIFUSDT,MARKET,BUY,1.80840000000000000000,3.28800000000000000000,0.55000000000000000000,0.00099000000000000000,2260000000727922328,1824222513283209472,2024-11-21 14:44:29
WIFUSDT,MARKET,BUY,11.44224000000000000000,3.28800000000000000000,3.48000000000000000000,0.00626400000000000000,2260000000727922327,1824222513283209472,2024-11-21 14:44:29
WIFUSDT,MARKET,BUY,42.51384000000000000000,3.28800000000000000000,12.93000000000000000000,0.02327400000000000000,2260000000727922329,1824222513283209472,2024-11-21 14:44:29
WIFUSDT,MARKET,BUY,71.77704000000000000000,3.28800000000000000000,21.83000000000000000000,0.03929400000000000000,2260000000727922326,1824222513283209472,2024-11-21 14:44:29
FLOKIUSDT,MARKET,BUY,52.81545178560000000000,0.00025935900000000000,203638.40000000000000000000,366.54912000000000000000,2230000000442900325,1824222256835074304,2024-11-21 14:43:59
FLOKIUSDT,MARKET,BUY,247.18453730820000000000,0.00025937400000000000,953004.30000000000000000000,1715.40774000000000000000,2230000000442900326,1824222256835074304,2024-11-21 14:43:59
AAVEUSDT,MARKET,BUY,232.88883300000000000000,166.94540000000000000000,1.39500000000000000000,0.00251100000000000000,2270000000293942424,1824222088937085184,2024-11-21 14:43:39
AAVEUSDT,MARKET,BUY,173.62550400000000000000,166.94760000000000000000,1.04000000000000000000,0.00187200000000000000,2270000000293942425,1824222088937085184,2024-11-21 14:43:39
AAVEUSDT,MARKET,BUY,93.32242270000000000000,166.94530000000000000000,0.55900000000000000000,0.00100620000000000000,2270000000293942423,1824222088937085184,2024-11-21 14:43:39
WLDUSDT,MARKET,BUY,38.39896500000000000000,2.24950000000000000000,17.07000000000000000000,0.03072600000000000000,2280000000773747791,1824221857294063872,2024-11-21 14:43:11
WLDUSDT,MARKET,BUY,146.79292500000000000000,2.24970000000000000000,65.25000000000000000000,0.11745000000000000000,2280000000773747794,1824221857294063872,2024-11-21 14:43:11
WLDUSDT,MARKET,BUY,148.45110400000000000000,2.24960000000000000000,65.99000000000000000000,0.11878200000000000000,2280000000773747793,1824221857294063872,2024-11-21 14:43:11
WLDUSDT,MARKET,BUY,17.90761200000000000000,2.24970000000000000000,7.96000000000000000000,0.01432800000000000000,2280000000773747795,1824221857294063872,2024-11-21 14:43:11
WLDUSDT,MARKET,BUY,148.44450500000000000000,2.24950000000000000000,65.99000000000000000000,0.11878200000000000000,2280000000773747792,1824221857294063872,2024-11-21 14:43:11
DOGEUSDT,MARKET,BUY,472.24180400000000000000,0.38702000000000000000,1220.20000000000000000000,2.19636000000000000000,2200000000371011646,1824221456687700224,2024-11-21 14:42:23
DOGEUSDT,MARKET,BUY,27.74933400000000000000,0.38702000000000000000,71.70000000000000000000,0.12906000000000000000,2200000000371011647,1824221456687700224,2024-11-21 14:42:23
XRPUSDT,MARKET,SELL,347.50849200000000000000,1.08120000000000000000,321.41000000000000000000,0.62551528560000000000,2260000000718594877,1822189542640457984,2024-11-18 19:25:20
XRPUSDT,MARKET,SELL,4.27074000000000000000,1.08120000000000000000,3.95000000000000000000,0.00768733200000000000,2260000000718594876,1822189542640457984,2024-11-18 19:25:20
XRPUSDT,MARKET,SELL,2.49757200000000000000,1.08120000000000000000,2.31000000000000000000,0.00449562960000000000,2260000000718594878,1822189542640457984,2024-11-18 19:25:20
XRPUSDT,MARKET,SELL,109.42756000000000000000,1.08130000000000000000,101.20000000000000000000,0.19696960800000000000,2260000000718594875,1822189542640457984,2024-11-18 19:25:20
UNIUSDT,MARKET,BUY,109.97882500000000000000,9.21250000000000000000,11.93800000000000000000,0.02148840000000000000,2200000000356563898,1820820180608227584,2024-11-16 22:04:40
UNIUSDT,MARKET,BUY,1.51071880000000000000,9.21170000000000000000,0.16400000000000000000,0.00029520000000000000,2200000000356563895,1820820180608227584,2024-11-16 22:04:40
UNIUSDT,MARKET,BUY,13.89229920000000000000,9.21240000000000000000,1.50800000000000000000,0.00271440000000000000,2200000000356563896,1820820180608227584,2024-11-16 22:04:40
UNIUSDT,MARKET,BUY,10.00358040000000000000,9.21140000000000000000,1.08600000000000000000,0.00195480000000000000,2200000000356563893,1820820180608227584,2024-11-16 22:04:40
UNIUSDT,MARKET,BUY,414.52200000000000000000,9.21160000000000000000,45.00000000000000000000,0.08100000000000000000,2200000000356563894,1820820180608227584,2024-11-16 22:04:40
UNIUSDT,MARKET,BUY,250.09173750000000000000,9.21250000000000000000,27.14700000000000000000,0.04886460000000000000,2200000000356563897,1820820180608227584,2024-11-16 22:04:40
PEPEUSDT,MARKET,SELL,57.77740000000000000000,0.00001882000000000000,3070000.00000000000000000000,0.10399932000000000000,2280000000748914614,1818472932486420736,2024-11-13 16:21:06
PEPEUSDT,MARKET,SELL,52.47398136000000000000,0.00001881500000000000,2788944.00000000000000000000,0.09445316644800000000,2280000000748914616,1818472932486420736,2024-11-13 16:21:06
PEPEUSDT,MARKET,SELL,97.65048652800000000000,0.00001881600000000000,5189758.00000000000000000000,0.17577087575040000000,2280000000748914615,1818472932486420736,2024-11-13 16:21:06
PEPEUSDT,MARKET,SELL,499.98670552500000000000,0.00001881500000000000,26573835.00000000000000000000,0.89997606994500000000,2280000000748914617,1818472932486420736,2024-11-13 16:21:06
PEPEUSDT,MARKET,SELL,94.27482801800000000000,0.00001881400000000000,5010887.00000000000000000000,0.16969469043240000000,2280000000748914619,1818472932486420736,2024-11-13 16:21:06
PEPEUSDT,MARKET,SELL,97.64529677000000000000,0.00001881500000000000,5189758.00000000000000000000,0.17576153418600000000,2280000000748914618,1818472932486420736,2024-11-13 16:21:06
DOGEUSDT,MARKET,SELL,3.36232000000000000000,0.32330000000000000000,10.40000000000000000000,0.00605217600000000000,2200000000334794249,1817175790228609280,2024-11-11 21:23:54
DOGEUSDT,MARKET,SELL,79.46468200000000000000,0.32329000000000000000,245.80000000000000000000,0.14303642760000000000,2200000000334794250,1817175790228609280,2024-11-11 21:23:54
DOGEUSDT,MARKET,SELL,402.13297800000000000000,0.32331000000000000000,1243.80000000000000000000,0.72383936040000000000,2200000000334794248,1817175790228609280,2024-11-11 21:23:54
SOLUSDT,MARKET,SELL,112.00024000000000000000,204.38000000000000000000,0.54800000000000000000,0.20160043200000000000,2210000000494379886,1816430544658110720,2024-11-10 20:43:14
SOLUSDT,MARKET,SELL,108.72484000000000000000,204.37000000000000000000,0.53200000000000000000,0.19570471200000000000,2210000000494379888,1816430544658110720,2024-11-10 20:43:14
SOLUSDT,MARKET,SELL,97.28488000000000000000,204.38000000000000000000,0.47600000000000000000,0.17511278400000000000,2210000000494379887,1816430544658110720,2024-11-10 20:43:14
SOLUSDT,MARKET,SELL,7.15295000000000000000,204.37000000000000000000,0.03500000000000000000,0.01287531000000000000,2210000000494379889,1816430544658110720,2024-11-10 20:43:14
SOLUSDT,MARKET,SELL,7.15365000000000000000,204.39000000000000000000,0.03500000000000000000,0.01287657000000000000,2210000000494379885,1816430544658110720,2024-11-10 20:43:14
SOLUSDT,MARKET,SELL,5.31362000000000000000,204.37000000000000000000,0.02600000000000000000,0.00956451600000000000,2210000000494379890,1816430544658110720,2024-11-10 20:43:14
DOGEUSDT,MARKET,SELL,205.19844800000000000000,0.26663000000000000000,769.60000000000000000000,0.36935720640000000000,2200000000329895929,1816428102809819392,2024-11-10 20:38:23
DOGEUSDT,MARKET,SELL,15.27904500000000000000,0.26665000000000000000,57.30000000000000000000,0.02750228100000000000,2200000000329895926,1816428102809819392,2024-11-10 20:38:23
DOGEUSDT,MARKET,SELL,2.77295200000000000000,0.26663000000000000000,10.40000000000000000000,0.00499131360000000000,2200000000329895928,1816428102809819392,2024-11-10 20:38:23
DOGEUSDT,MARKET,SELL,15.86567500000000000000,0.26665000000000000000,59.50000000000000000000,0.02855821500000000000,2200000000329895925,1816428102809819392,2024-11-10 20:38:23
DOGEUSDT,MARKET,SELL,4.15942800000000000000,0.26663000000000000000,15.60000000000000000000,0.00748697040000000000,2200000000329895927,1816428102809819392,2024-11-10 20:38:23
DOGEUSDT,MARKET,SELL,32.07799500000000000000,0.26665000000000000000,120.30000000000000000000,0.05774039100000000000,2200000000329895924,1816428102809819392,2024-11-10 20:38:23
DOGEUSDT,MARKET,SELL,257.91119900000000000000,0.26663000000000000000,967.30000000000000000000,0.46424015820000000000,2200000000329895930,1816428102809819392,2024-11-10 20:38:23
TRXUSDT,MARKET,BUY,20.99929810000000000000,0.15917000000000000000,131.93000000000000000000,0.23747400000000000000,2250000000294233902,1799589288741181696,2024-10-18 15:02:40
TRXUSDT,MARKET,BUY,20.99992500000000000000,0.15849000000000000000,132.50000000000000000000,0.23850000000000000000,2250000000292957892,1797535280249706752,2024-10-15 19:01:43
TRXUSDT,MARKET,BUY,9.99856180000000000000,0.16279000000000000000,61.42000000000000000000,0.11055600000000000000,2250000000291566518,1796011930780178688,2024-10-13 16:35:06
TRXUSDT,MARKET,BUY,44.99901840000000000000,0.16039000000000000000,280.56000000000000000000,0.50500800000000000000,2250000000289307132,1792972293002238208,2024-10-09 11:55:53
TRXUSDT,MARKET,BUY,24.99931210000000000000,0.15467000000000000000,161.63000000000000000000,0.29093400000000000000,2250000000286258033,1788760692095195392,2024-10-03 16:28:11
FETUSDT,MARKET,SELL,44.41801200000000000000,1.53060000000000000000,29.02000000000000000000,0.07995242160000000000,2280000000635805295,1778361826690734336,2024-09-19 08:07:29
FETUSDT,MARKET,SELL,443.90300000000000000000,1.53070000000000000000,290.00000000000000000000,0.79902540000000000000,2280000000635805294,1778361826690734336,2024-09-19 08:07:29
FETUSDT,MARKET,SELL,10.68428600000000000000,1.53070000000000000000,6.98000000000000000000,0.01923171480000000000,2280000000635805293,1778361826690734336,2024-09-19 08:07:29
FETUSDT,MARKET,BUY,247.37767200000000000000,0.84510000000000000000,292.72000000000000000000,0.52689600000000000000,2280000000579161429,1753265008789428480,2024-08-15 17:04:36
FETUSDT,MARKET,BUY,5.89810000000000000000,0.84500000000000000000,6.98000000000000000000,0.01256400000000000000,2280000000579161426,1753265008789428480,2024-08-15 17:04:36
FETUSDT,MARKET,BUY,240.82500000000000000000,0.84500000000000000000,285.00000000000000000000,0.51300000000000000000,2280000000579161427,1753265008789428480,2024-08-15 17:04:36
FETUSDT,MARKET,BUY,5.89879800000000000000,0.84510000000000000000,6.98000000000000000000,0.01256400000000000000,2280000000579161428,1753265008789428480,2024-08-15 17:04:36
TONUSDT,MARKET,BUY,400.05754900000000000000,5.23430000000000000000,76.43000000000000000000,0.13757400000000000000,2260000000500582305,1745750633354631424,2024-08-05 08:14:52
XRPUSDT,MARKET,BUY,399.99949500000000000000,0.46550000000000000000,859.29000000000000000000,1.54672200000000000000,2260000000500579461,1745750285772658944,2024-08-05 08:14:11
SOLUSDT,MARKET,BUY,360.07499000000000000000,120.79000000000000000000,2.98100000000000000000,0.00536580000000000000,2210000000407926487,1745749794107955456,2024-08-05 08:13:12
SOLUSDT,MARKET,BUY,39.86070000000000000000,120.79000000000000000000,0.33000000000000000000,0.00059400000000000000,2210000000407926486,1745749794107955456,2024-08-05 08:13:12
TRXUSDT,MARKET,BUY,70.03261500000000000000,0.12517000000000000000,559.50000000000000000000,1.00710000000000000000,2250000000232673642,1744509398501562624,2024-08-03 15:08:46
SOLUSDT,MARKET,BUY,0.96354000000000000000,160.59000000000000000000,0.00600000000000000000,0.00001080000000000000,2210000000383280868,1731670260387682560,2024-07-16 21:59:41
SOLUSDT,MARKET,BUY,2.09053000000000000000,160.81000000000000000000,0.01300000000000000000,0.00002340000000000000,2210000000383280328,1731669756945373440,2024-07-16 21:58:41
SOLUSDT,MARKET,BUY,2.89836000000000000000,161.02000000000000000000,0.01800000000000000000,0.00003240000000000000,2210000000383280068,1731669316803500288,2024-07-16 21:57:48
NOTUSDT,LIMIT,BUY,28.17044500000000000000,0.00950000000000000000,2965.31000000000000000000,2.96531000000000000000,2260000000420924417,1700218944402757888,2024-07-05 02:59:16
NOTUSDT,LIMIT,BUY,61.75997500000000000000,0.00950000000000000000,6501.05000000000000000000,6.50105000000000000000,2260000000420924416,1700218944402757888,2024-07-05 02:59:16
PEPEUSDT,MARKET,BUY,318.76479184400000000000,0.00001043600000000000,30544729.00000000000000000000,54980.51220000000000000000,2280000000449013558,1711202372539390208,2024-06-18 16:13:39
PEPEUSDT,MARKET,BUY,4.38354000000000000000,0.00001043700000000000,420000.00000000000000000000,756.00000000000000000000,2280000000449013559,1711202372539390208,2024-06-18 16:13:39
PEPEUSDT,MARKET,BUY,170.80715141700000000000,0.00001043700000000000,16365541.00000000000000000000,29457.97380000000000000000,2280000000449013561,1711202372539390208,2024-06-18 16:13:39
PEPEUSDT,MARKET,BUY,6.04457811300000000000,0.00001043700000000000,579149.00000000000000000000,1042.46820000000000000000,2280000000449013560,1711202372539390208,2024-06-18 16:13:39
TRXUSDT,MARKET,BUY,6.99902100000000000000,0.11607000000000000000,60.30000000000000000000,0.10854000000000000000,2250000000205425521,1708322369334155520,2024-06-14 16:51:35
NOTUSDT,LIMIT,SELL,95.02556527800000000000,0.01210230000000000000,7851.86000000000000000000,0.09502556527800000000,2260000000319944971,1697214568994183424,2024-05-30 09:02:22
TONUSDT,MARKET,BUY,10.05402000000000000000,6.13050000000000000000,1.64000000000000000000,0.00164000000000000000,2260000000230904884,1662724621839112448,2024-04-12 18:57:00
TONUSDT,MARKET,BUY,250.05504000000000000000,6.12880000000000000000,40.80000000000000000000,0.04080000000000000000,2260000000230904883,1662724621839112448,2024-04-12 18:57:00
TONUSDT,MARKET,BUY,303.35580000000000000000,6.12840000000000000000,49.50000000000000000000,0.04950000000000000000,2260000000230904882,1662724621839112448,2024-04-12 18:57:00
TONUSDT,MARKET,BUY,287.65713600000000000000,6.13080000000000000000,46.92000000000000000000,0.04692000000000000000,2260000000230904886,1662724621839112448,2024-04-12 18:57:00
TONUSDT,MARKET,BUY,148.91470300000000000000,6.13070000000000000000,24.29000000000000000000,0.02429000000000000000,2260000000230904885,1662724621839112448,2024-04-12 18:57:00
JTOUSDT,MARKET,BUY,143.35662830000000000000,3.57587000000000000000,40.09000000000000000000,0.04009000000000000000,2220000000203152252,1661118718341814528,2024-04-10 13:46:22
JTOUSDT,MARKET,BUY,148.54620920000000000000,3.57598000000000000000,41.54000000000000000000,0.04154000000000000000,2220000000203152253,1661118718341814528,2024-04-10 13:46:22
JTOUSDT,MARKET,BUY,208.07812960000000000000,3.57584000000000000000,58.19000000000000000000,0.05819000000000000000,2220000000203152251,1661118718341814528,2024-04-10 13:46:22
APRSUSDT,MARKET,SELL,2.96810000000000000000,0.88600000000000000000,3.35000000000000000000,0.00296810000000000000,2230000000175364840,1656635817998948608,2024-04-04 09:19:38
APRSUSDT,MARKET,SELL,4.26166000000000000000,0.88600000000000000000,4.81000000000000000000,0.00426166000000000000,2230000000175364841,1656635817998948608,2024-04-04 09:19:38
ENAUSDT,LIMIT,SELL,34.07564900000000000000,0.98570000000000000000,34.57000000000000000000,0.03407564900000000000,2230000000175362785,1656634973534558464,2024-04-04 09:18:24
JTOUSDT,LIMIT,SELL,954.65000000000000000000,5.00000000000000000000,190.93000000000000000000,0.95465000000000000000,2220000000195300025,1654507069065402624,2024-04-03 14:30:07
MYROUSDT,MARKET,BUY,200.21558800000000000000,0.22930000000000000000,873.16000000000000000000,0.87316000000000000000,2220000000168823374,1645356610740295936,2024-03-19 19:49:52
COQUSDT,MARKET,BUY,3.08678479200000000000,0.00000442000000000000,698367.60000000000000000000,698.36760000000000000000,2220000000168822808,1645356321912133888,2024-03-19 19:49:18
COQUSDT,MARKET,BUY,1.97660676200000000000,0.00000442000000000000,447196.10000000000000000000,447.19610000000000000000,2220000000168822806,1645356321912133888,2024-03-19 19:49:18
COQUSDT,MARKET,BUY,4.98337938800000000000,0.00000442000000000000,1127461.40000000000000000000,1127.46140000000000000000,2220000000168822809,1645356321912133888,2024-03-19 19:49:18
COQUSDT,MARKET,BUY,181.15162525200000000000,0.00000442000000000000,40984530.60000000000000000000,40984.53060000000000000000,2220000000168822810,1645356321912133888,2024-03-19 19:49:18
COQUSDT,MARKET,BUY,9.01882215000000000000,0.00000442000000000000,2040457.50000000000000000000,2040.45750000000000000000,2220000000168822807,1645356321912133888,2024-03-19 19:49:18
LTCUSDT,MARKET,BUY,79.87421400000000000000,88.69000000000000000000,0.90060000000000000000,0.00090060000000000000,2200000000148857857,1643080214957529344,2024-03-16 16:27:05
BTCUSDT,MARKET,SELL,64.88505700000000000000,68300.06000000000000000000,0.00095000000000000000,0.06488505700000000000,2290000000122743032,1643079925064014080,2024-03-16 16:26:30
BTCUSDT,MARKET,BUY,64.84150995000000000000,68182.45000000000000000000,0.00095100000000000000,0.00000095100000000000,2290000000122740371,1643075303150721280,2024-03-16 16:17:19
BNBUSDT,MARKET,BUY,11.27157108000000000000,595.74900000000000000000,0.01892000000000000000,0.00001892000000000000,2270000000134971692,1641067436356933888,2024-03-13 21:48:03
ETHUSDT,MARKET,BUY,18.11382820000000000000,3989.83000000000000000000,0.00454000000000000000,0.00000454000000000000,2280000000255067597,1640415403404695808,2024-03-13 00:12:34
ETHUSDT,MARKET,BUY,39.92053950000000000000,3996.05000000000000000000,0.00999000000000000000,0.00000999000000000000,2280000000255062595,1640413736068192512,2024-03-13 00:09:16
ETHUSDT,MARKET,BUY,119.97009990000000000000,3976.47000000000000000000,0.03017000000000000000,0.00003017000000000000,2280000000255028347,1640398594546866432,2024-03-12 23:39:11
FILUSDT,LIMIT,BUY,418.92664000000000000000,11.07100000000000000000,37.84000000000000000000,0.03784000000000000000,2210000000218517743,1638226018508740864,2024-03-09 23:42:39
FILUSDT,LIMIT,BUY,20.37064000000000000000,11.07100000000000000000,1.84000000000000000000,0.00184000000000000000,2210000000218517742,1638226018508740864,2024-03-09 23:42:39
FILUSDT,LIMIT,BUY,539.66250000000000000000,11.07000000000000000000,48.75000000000000000000,0.04875000000000000000,2210000000218517741,1638226018508740864,2024-03-09 23:42:39
FILUSDT,LIMIT,BUY,20.36696000000000000000,11.06900000000000000000,1.84000000000000000000,0.00184000000000000000,2210000000218517740,1638226018508740864,2024-03-09 23:42:39
DOGEUSDT,MARKET,BUY,56.64527400000000000000,0.16754000000000000000,338.10000000000000000000,0.33810000000000000000,2200000000139465913,1637316811370535168,2024-03-08 17:36:13
DOGEUSDT,MARKET,BUY,830.07621000000000000000,0.16755000000000000000,4954.20000000000000000000,4.95420000000000000000,2200000000139465915,1637316811370535168,2024-03-08 17:36:13
DOGEUSDT,MARKET,BUY,56.64865500000000000000,0.16755000000000000000,338.10000000000000000000,0.33810000000000000000,2200000000139465914,1637316811370535168,2024-03-08 17:36:13
DOGEUSDT,MARKET,BUY,56.64189300000000000000,0.16753000000000000000,338.10000000000000000000,0.33810000000000000000,2200000000139465912,1637316811370535168,2024-03-08 17:36:13
JTOUSDT,MARKET,BUY,460.60524840000000000000,2.56476000000000000000,179.59000000000000000000,0.17959000000000000000,2220000000140069657,1635951591993645312,2024-03-06 20:23:47
JTOUSDT,MARKET,BUY,29.59236820000000000000,2.56433000000000000000,11.54000000000000000000,0.01154000000000000000,2220000000140069656,1635951591993645312,2024-03-06 20:23:47
GRTUSDT,MARKET,BUY,207.73207470000000000000,0.28761000000000000000,722.27000000000000000000,0.72227000000000000000,2210000000211742176,1635709909905709312,2024-03-06 12:23:36
GRTUSDT,MARKET,BUY,269.58750000000000000000,0.28756000000000000000,937.50000000000000000000,0.93750000000000000000,2210000000211742175,1635709909905709312,2024-03-06 12:23:36
GRTUSDT,MARKET,BUY,22.67906850000000000000,0.28755000000000000000,78.87000000000000000000,0.07887000000000000000,2210000000211742174,1635709909905709312,2024-03-06 12:23:36
DYDXUSDT,MARKET,BUY,213.93344400000000000000,4.05200000000000000000,52.79700000000000000000,0.05279700000000000000,2200000000136195182,1635709689444702464,2024-03-06 12:23:09
DYDXUSDT,MARKET,BUY,286.06479300000000000000,4.05300000000000000000,70.58100000000000000000,0.07058100000000000000,2200000000136195183,1635709689444702464,2024-03-06 12:23:09
MEMEUSDT,MARKET,BUY,49.91298871000000000000,0.04312100000000000000,1157.51000000000000000000,1.15751000000000000000,2220000000139020862,1635709013121571072,2024-03-06 12:21:49
MEMEUSDT,MARKET,BUY,238.32206574000000000000,0.04313100000000000000,5525.54000000000000000000,5.52554000000000000000,2220000000139020867,1635709013121571072,2024-03-06 12:21:49
MEMEUSDT,MARKET,BUY,49.91993377000000000000,0.04312700000000000000,1157.51000000000000000000,1.15751000000000000000,2220000000139020863,1635709013121571072,2024-03-06 12:21:49
MEMEUSDT,MARKET,BUY,49.92224879000000000000,0.04312900000000000000,1157.51000000000000000000,1.15751000000000000000,2220000000139020864,1635709013121571072,2024-03-06 12:21:49
MEMEUSDT,MARKET,BUY,61.99808110000000000000,0.04313000000000000000,1437.47000000000000000000,1.43747000000000000000,2220000000139020865,1635709013121571072,2024-03-06 12:21:49
MEMEUSDT,MARKET,BUY,49.92456381000000000000,0.04313100000000000000,1157.51000000000000000000,1.15751000000000000000,2220000000139020866,1635709013121571072,2024-03-06 12:21:49
ADAUSDT,MARKET,BUY,174.11212400000000000000,0.67640000000000000000,257.41000000000000000000,0.25741000000000000000,2260000000188629392,1635274732561766656,2024-03-05 21:58:59
ADAUSDT,MARKET,BUY,326.51180800000000000000,0.67640000000000000000,482.72000000000000000000,0.48272000000000000000,2260000000188629391,1635274732561766656,2024-03-05 21:58:59
LINKUSDT,MARKET,BUY,499.98441770000000000000,18.72110000000000000000,26.70700000000000000000,0.02670700000000000000,2200000000135059828,1635274443934931200,2024-03-05 21:58:24
ARBUSDT,MARKET,BUY,499.99054000000000000000,1.93900000000000000000,257.86000000000000000000,0.25786000000000000000,2250000000138678803,1635274139017419008,2024-03-05 21:57:48
MINAUSDT,MARKET,SELL,29.87743200000000000000,1.33620000000000000000,22.36000000000000000000,0.02987743200000000000,2270000000124561448,1635068979427154176,2024-03-05 15:10:11
MINAUSDT,MARKET,SELL,180.23850000000000000000,1.33510000000000000000,135.00000000000000000000,0.18023850000000000000,2270000000124561454,1635068979427154176,2024-03-05 15:10:11
MINAUSDT,MARKET,SELL,24.46636000000000000000,1.33550000000000000000,18.32000000000000000000,0.02446636000000000000,2270000000124561452,1635068979427154176,2024-03-05 15:10:11
MINAUSDT,MARKET,SELL,24.47002400000000000000,1.33570000000000000000,18.32000000000000000000,0.02447002400000000000,2270000000124561451,1635068979427154176,2024-03-05 15:10:11
MINAUSDT,MARKET,SELL,18.38157300000000000000,1.33490000000000000000,13.77000000000000000000,0.01838157300000000000,2270000000124561455,1635068979427154176,2024-03-05 15:10:11
MINAUSDT,MARKET,SELL,24.47552000000000000000,1.33600000000000000000,18.32000000000000000000,0.02447552000000000000,2270000000124561449,1635068979427154176,2024-03-05 15:10:11
MINAUSDT,MARKET,SELL,24.47368800000000000000,1.33590000000000000000,18.32000000000000000000,0.02447368800000000000,2270000000124561450,1635068979427154176,2024-03-05 15:10:11
MINAUSDT,MARKET,SELL,24.48651200000000000000,1.33660000000000000000,18.32000000000000000000,0.02448651200000000000,2270000000124561446,1635068979427154176,2024-03-05 15:10:11
MINAUSDT,MARKET,SELL,24.47918400000000000000,1.33620000000000000000,18.32000000000000000000,0.02447918400000000000,2270000000124561447,1635068979427154176,2024-03-05 15:10:11
MINAUSDT,MARKET,SELL,24.44751200000000000000,1.33520000000000000000,18.31000000000000000000,0.02444751200000000000,2270000000124561453,1635068979427154176,2024-03-05 15:10:11
JTOUSDT,MARKET,SELL,562.57528800000000000000,2.71920000000000000000,206.89000000000000000000,0.56257528800000000000,2220000000134954513,1635068789534234880,2024-03-05 15:09:48
JTOUSDT,MARKET,SELL,14.85120000000000000000,2.72000000000000000000,5.46000000000000000000,0.01485120000000000000,2220000000134954512,1635068789534234880,2024-03-05 15:09:48
JTOUSDT,MARKET,SELL,303.35714640000000000000,2.72118000000000000000,111.48000000000000000000,0.30335714640000000000,2220000000134954507,1635068789534234880,2024-03-05 15:09:48
JTOUSDT,MARKET,SELL,59.42371520000000000000,2.72336000000000000000,21.82000000000000000000,0.05942371520000000000,2220000000134954504,1635068789534234880,2024-03-05 15:09:48
JTOUSDT,MARKET,SELL,7.80743320000000000000,2.72036000000000000000,2.87000000000000000000,0.00780743320000000000,2220000000134954511,1635068789534234880,2024-03-05 15:09:48
JTOUSDT,MARKET,SELL,149.55906350000000000000,2.72173000000000000000,54.95000000000000000000,0.14955906350000000000,2220000000134954506,1635068789534234880,2024-03-05 15:09:48
JTOUSDT,MARKET,SELL,398.82072720000000000000,2.72084000000000000000,146.58000000000000000000,0.39882072720000000000,2220000000134954510,1635068789534234880,2024-03-05 15:09:48
JTOUSDT,MARKET,SELL,99.85592900000000000000,2.72087000000000000000,36.70000000000000000000,0.09985592900000000000,2220000000134954508,1635068789534234880,2024-03-05 15:09:48
JTOUSDT,MARKET,SELL,303.59905800000000000000,2.72335000000000000000,111.48000000000000000000,0.30359905800000000000,2220000000134954505,1635068789534234880,2024-03-05 15:09:48
JTOUSDT,MARKET,SELL,239.46200850000000000000,2.72085000000000000000,88.01000000000000000000,0.23946200850000000000,2220000000134954509,1635068789534234880,2024-03-05 15:09:48
APTUSDT,LIMIT,SELL,432.42445200000000000000,12.63660000000000000000,34.22000000000000000000,0.43242445200000000000,2260000000187032802,1635068373006293248,2024-03-05 15:08:59
ATOMUSDT,MARKET,SELL,454.11437100000000000000,12.53940000000000000000,36.21500000000000000000,0.45411437100000000000,2210000000207272440,1635067966787950848,2024-03-05 15:08:10
LTCUSDT,LIMIT,SELL,476.24072280000000000000,89.49000000000000000000,5.32172000000000000000,0.47624072280000000000,2200000000133181703,1635067735363033344,2024-03-05 15:07:43
ADAUSDT,MARKET,SELL,11.93116400000000000000,0.76580000000000000000,15.58000000000000000000,0.01193116400000000000,2260000000187027462,1635067614533523712,2024-03-05 15:07:28
ADAUSDT,MARKET,SELL,37.60294000000000000000,0.76600000000000000000,49.09000000000000000000,0.03760294000000000000,2260000000187027459,1635067614533523712,2024-03-05 15:07:28
ADAUSDT,MARKET,SELL,5.16915000000000000000,0.76580000000000000000,6.75000000000000000000,0.00516915000000000000,2260000000187027463,1635067614533523712,2024-03-05 15:07:28
ADAUSDT,MARKET,SELL,235.92800000000000000000,0.76600000000000000000,308.00000000000000000000,0.23592800000000000000,2260000000187027460,1635067614533523712,2024-03-05 15:07:28
ADAUSDT,MARKET,SELL,199.98414900000000000000,0.76590000000000000000,261.11000000000000000000,0.19998414900000000000,2260000000187027461,1635067614533523712,2024-03-05 15:07:28
COQUSDT,MARKET,SELL,16.33924582550000000000,0.00000295100000000000,5536850.50000000000000000000,0.01633924582550000000,2220000000134936468,1635067283552606464,2024-03-05 15:06:49
COQUSDT,MARKET,SELL,13.08587370370000000000,0.00000295300000000000,4431382.90000000000000000000,0.01308587370370000000,2220000000134936461,1635067283552606464,2024-03-05 15:06:49
COQUSDT,MARKET,SELL,1.75231664020000000000,0.00000295400000000000,593201.30000000000000000000,0.00175231664020000000,2220000000134936460,1635067283552606464,2024-03-05 15:06:49
COQUSDT,MARKET,SELL,55.16118774400000000000,0.00000296000000000000,18635536.40000000000000000000,0.05516118774400000000,2220000000134936450,1635067283552606464,2024-03-05 15:06:49
COQUSDT,MARKET,SELL,49.27636656720000000000,0.00000295200000000000,16692536.10000000000000000000,0.04927636656720000000,2220000000134936466,1635067283552606464,2024-03-05 15:06:49
COQUSDT,MARKET,SELL,21.73231660840000000000,0.00000295600000000000,7351933.90000000000000000000,0.02173231660840000000,2220000000134936452,1635067283552606464,2024-03-05 15:06:49
COQUSDT,MARKET,SELL,8.29954706280000000000,0.00000295300000000000,2810547.60000000000000000000,0.00829954706280000000,2220000000134936462,1635067283552606464,2024-03-05 15:06:49
COQUSDT,MARKET,SELL,3.29391185760000000000,0.00000295200000000000,1115823.80000000000000000000,0.00329391185760000000,2220000000134936465,1635067283552606464,2024-03-05 15:06:49
COQUSDT,MARKET,SELL,5.50377910500000000000,0.00000295500000000000,1862531.00000000000000000000,0.00550377910500000000,2220000000134936455,1635067283552606464,2024-03-05 15:06:49
COQUSDT,MARKET,SELL,3.98931449760000000000,0.00000295200000000000,1351393.80000000000000000000,0.00398931449760000000,2220000000134936464,1635067283552606464,2024-03-05 15:06:49
COQUSDT,MARKET,SELL,4.51485028410000000000,0.00000295100000000000,1529939.10000000000000000000,0.00451485028410000000,2220000000134936467,1635067283552606464,2024-03-05 15:06:49
COQUSDT,MARKET,SELL,75.82974047850000000000,0.00000295500000000000,25661502.70000000000000000000,0.07582974047850000000,2220000000134936459,1635067283552606464,2024-03-05 15:06:49
COQUSDT,MARKET,SELL,4.93197695280000000000,0.00000295200000000000,1670723.90000000000000000000,0.00493197695280000000,2220000000134936463,1635067283552606464,2024-03-05 15:06:49
COQUSDT,MARKET,SELL,55.19845881680000000000,0.00000296200000000000,18635536.40000000000000000000,0.05519845881680000000,2220000000134936449,1635067283552606464,2024-03-05 15:06:49
COQUSDT,MARKET,SELL,55.12391667120000000000,0.00000295800000000000,18635536.40000000000000000000,0.05512391667120000000,2220000000134936451,1635067283552606464,2024-03-05 15:06:49
COQUSDT,MARKET,SELL,22.53290127150000000000,0.00000295500000000000,7625347.30000000000000000000,0.02253290127150000000,2220000000134936458,1635067283552606464,2024-03-05 15:06:49
COQUSDT,MARKET,SELL,33.33572481280000000000,0.00000295600000000000,11277308.80000000000000000000,0.03333572481280000000,2220000000134936453,1635067283552606464,2024-03-05 15:06:49
COQUSDT,MARKET,SELL,3.10585600050000000000,0.00000295500000000000,1051051.10000000000000000000,0.00310585600050000000,2220000000134936454,1635067283552606464,2024-03-05 15:06:49
COQUSDT,MARKET,SELL,33.32444750400000000000,0.00000295500000000000,11277308.80000000000000000000,0.03332444750400000000,2220000000134936457,1635067283552606464,2024-03-05 15:06:49
COQUSDT,MARKET,SELL,2.75686754550000000000,0.00000295500000000000,932950.10000000000000000000,0.00275686754550000000,2220000000134936456,1635067283552606464,2024-03-05 15:06:49
DOGEUSDT,MARKET,SELL,473.70288900000000000000,0.18427000000000000000,2570.70000000000000000000,0.47370288900000000000,2200000000133173559,1635067087577946368,2024-03-05 15:06:25
DOTUSDT,MARKET,SELL,312.72805900000000000000,10.30100000000000000000,30.35900000000000000000,0.31272805900000000000,2260000000187016549,1635066940190103808,2024-03-05 15:06:08
DOTUSDT,MARKET,SELL,193.78912700000000000000,10.30300000000000000000,18.80900000000000000000,0.19378912700000000000,2260000000187016548,1635066940190103808,2024-03-05 15:06:08
APTUSDT,MARKET,BUY,151.84886900000000000000,11.70770000000000000000,12.97000000000000000000,0.01297000000000000000,2260000000183284138,1633659534218369280,2024-03-03 16:29:52
APTUSDT,MARKET,BUY,3.39505900000000000000,11.70710000000000000000,0.29000000000000000000,0.00029000000000000000,2260000000183284137,1633659534218369280,2024-03-03 16:29:52
APTUSDT,MARKET,BUY,245.82810000000000000000,11.70610000000000000000,21.00000000000000000000,0.02100000000000000000,2260000000183284136,1633659534218369280,2024-03-03 16:29:52
COQUSDT,MARKET,BUY,35.59298171760000000000,0.00000251400000000000,14157908.40000000000000000000,14157.90840000000000000000,2220000000129934224,1633659306501216512,2024-03-03 16:29:25
COQUSDT,MARKET,BUY,35.56466590080000000000,0.00000251200000000000,14157908.40000000000000000000,14157.90840000000000000000,2220000000129934223,1633659306501216512,2024-03-03 16:29:25
COQUSDT,MARKET,BUY,2.93194207760000000000,0.00000251800000000000,1164393.20000000000000000000,1164.39320000000000000000,2220000000129934227,1633659306501216512,2024-03-03 16:29:25
COQUSDT,MARKET,BUY,2.09116958400000000000,0.00000252000000000000,829829.20000000000000000000,829.82920000000000000000,2220000000129934229,1633659306501216512,2024-03-03 16:29:25
COQUSDT,MARKET,BUY,35.60713962600000000000,0.00000251500000000000,14157908.40000000000000000000,14157.90840000000000000000,2220000000129934225,1633659306501216512,2024-03-03 16:29:25
COQUSDT,MARKET,BUY,108.03982190400000000000,0.00000252000000000000,42872945.20000000000000000000,42872.94520000000000000000,2220000000129934230,1633659306501216512,2024-03-03 16:29:25
COQUSDT,MARKET,BUY,35.62129753440000000000,0.00000251600000000000,14157908.40000000000000000000,14157.90840000000000000000,2220000000129934226,1633659306501216512,2024-03-03 16:29:25
COQUSDT,MARKET,BUY,1.46999991600000000000,0.00000252000000000000,583333.30000000000000000000,583.33330000000000000000,2220000000129934228,1633659306501216512,2024-03-03 16:29:25
COQUSDT,MARKET,BUY,143.08098154920000000000,0.00000252100000000000,56755645.20000000000000000000,56755.64520000000000000000,2220000000129934231,1633659306501216512,2024-03-03 16:29:25
JTOUSDT,MARKET,BUY,1264.37850040000000000000,2.54126000000000000000,497.54000000000000000000,0.49754000000000000000,2220000000126493495,1632432820926552320,2024-03-01 23:52:36
JTOUSDT,MARKET,BUY,461.37300140000000000000,2.54102000000000000000,181.57000000000000000000,0.18157000000000000000,2220000000126493494,1632432820926552320,2024-03-01 23:52:36
JTOUSDT,MARKET,BUY,100.03680780000000000000,2.54094000000000000000,39.37000000000000000000,0.03937000000000000000,2220000000126493493,1632432820926552320,2024-03-01 23:52:36
JTOUSDT,MARKET,BUY,174.20817150000000000000,2.54133000000000000000,68.55000000000000000000,0.06855000000000000000,2220000000126493496,1632432820926552320,2024-03-01 23:52:36
DOGEUSDT,MARKET,BUY,96.76118400000000000000,0.09568000000000000000,1011.30000000000000000000,1.01130000000000000000,2200000000121958387,1629947238702913792,2024-02-27 13:34:12
DOGEUSDT,MARKET,BUY,149.46778000000000000000,0.09569000000000000000,1562.00000000000000000000,1.56200000000000000000,2200000000121958388,1629947238702913792,2024-02-27 13:34:12
ATOMUSDT,MARKET,BUY,102.08564280000000000000,11.03390000000000000000,9.25200000000000000000,0.00925200000000000000,2210000000191447857,1629925846510999808,2024-02-27 12:51:42
ATOMUSDT,MARKET,BUY,297.90990000000000000000,11.03370000000000000000,27.00000000000000000000,0.02700000000000000000,2210000000191447856,1629925846510999808,2024-02-27 12:51:42
ADAUSDT,MARKET,BUY,170.54692000000000000000,0.62380000000000000000,273.40000000000000000000,0.27340000000000000000,2260000000174675870,1629925716110088448,2024-02-27 12:51:26
ADAUSDT,MARKET,BUY,55.98605000000000000000,0.62380000000000000000,89.75000000000000000000,0.08975000000000000000,2260000000174675871,1629925716110088448,2024-02-27 12:51:26
ADAUSDT,MARKET,BUY,173.46291700000000000000,0.62390000000000000000,278.03000000000000000000,0.27803000000000000000,2260000000174675872,1629925716110088448,2024-02-27 12:51:26
LTCUSDT,MARKET,BUY,55.78819400000000000000,75.08000000000000000000,0.74305000000000000000,0.00074305000000000000,2200000000121918945,1629925527861336320,2024-02-27 12:51:04
LTCUSDT,MARKET,BUY,338.61084600000000000000,75.09000000000000000000,4.50940000000000000000,0.00450940000000000000,2200000000121918946,1629925527861336320,2024-02-27 12:51:04
LTCUSDT,MARKET,BUY,5.60022200000000000000,75.07000000000000000000,0.07460000000000000000,0.00007460000000000000,2200000000121918944,1629925527861336320,2024-02-27 12:51:04
DOTUSDT,MARKET,BUY,399.99468600000000000000,8.12700000000000000000,49.21800000000000000000,0.04921800000000000000,2260000000174675380,1629925368033188096,2024-02-27 12:50:45
MINAUSDT,MARKET,BUY,9.55788400000000000000,1.33490000000000000000,7.16000000000000000000,0.00716000000000000000,2270000000116770059,1629924892264896768,2024-02-27 12:49:48
MINAUSDT,MARKET,BUY,195.21450000000000000000,1.33480000000000000000,146.25000000000000000000,0.14625000000000000000,2270000000116770057,1629924892264896768,2024-02-27 12:49:48
MINAUSDT,MARKET,BUY,195.21450000000000000000,1.33480000000000000000,146.25000000000000000000,0.14625000000000000000,2270000000116770058,1629924892264896768,2024-02-27 12:49:48
MAVIAUSDT,MARKET,SELL,7.50607800000000000000,7.35890000000000000000,1.02000000000000000000,0.00750607800000000000,2230000000110677475,1629494284531276032,2024-02-26 22:34:15
MAVIAUSDT,MARKET,BUY,2.42873400000000000000,7.35980000000000000000,0.33000000000000000000,0.00033000000000000000,2230000000110677428,1629494222673680640,2024-02-26 22:34:08
PEPEUSDT,MARKET,SELL,499.60808454510000000000,0.00000178470000000000,279939533.00000000000000000000,0.49960808454510000000,2280000000215852322,1629493069063919872,2024-02-26 22:31:51
PEPEUSDT,MARKET,SELL,40.59800386460000000000,0.00000178490000000000,22745254.00000000000000000000,0.04059800386460000000,2280000000215852318,1629493069063919872,2024-02-26 22:31:51
PEPEUSDT,MARKET,SELL,40.58663123760000000000,0.00000178440000000000,22745254.00000000000000000000,0.04058663123760000000,2280000000215852323,1629493069063919872,2024-02-26 22:31:51
PEPEUSDT,MARKET,SELL,40.56616050900000000000,0.00000178350000000000,22745254.00000000000000000000,0.04056616050900000000,2280000000215852328,1629493069063919872,2024-02-26 22:31:51
PEPEUSDT,MARKET,SELL,40.60482744080000000000,0.00000178520000000000,22745254.00000000000000000000,0.04060482744080000000,2280000000215852316,1629493069063919872,2024-02-26 22:31:51
PEPEUSDT,MARKET,SELL,40.57753313600000000000,0.00000178400000000000,22745254.00000000000000000000,0.04057753313600000000,2280000000215852325,1629493069063919872,2024-02-26 22:31:51
PEPEUSDT,MARKET,SELL,3.07701904500000000000,0.00000178350000000000,1725270.00000000000000000000,0.00307701904500000000,2280000000215852327,1629493069063919872,2024-02-26 22:31:51
PEPEUSDT,MARKET,SELL,206.36160927660000000000,0.00000178470000000000,115628178.00000000000000000000,0.20636160927660000000,2280000000215852321,1629493069063919872,2024-02-26 22:31:51
PEPEUSDT,MARKET,SELL,40.59345481380000000000,0.00000178470000000000,22745254.00000000000000000000,0.04059345481380000000,2280000000215852320,1629493069063919872,2024-02-26 22:31:51
PEPEUSDT,MARKET,SELL,40.60255291540000000000,0.00000178510000000000,22745254.00000000000000000000,0.04060255291540000000,2280000000215852317,1629493069063919872,2024-02-26 22:31:51
PEPEUSDT,MARKET,SELL,40.57525861060000000000,0.00000178390000000000,22745254.00000000000000000000,0.04057525861060000000,2280000000215852326,1629493069063919872,2024-02-26 22:31:51
PEPEUSDT,MARKET,SELL,26.85967883040000000000,0.00000178590000000000,15039856.00000000000000000000,0.02685967883040000000,2280000000215852314,1629493069063919872,2024-02-26 22:31:51
PEPEUSDT,MARKET,SELL,59.91285154200000000000,0.00000178350000000000,33592852.00000000000000000000,0.05991285154200000000,2280000000215852330,1629493069063919872,2024-02-26 22:31:51
PEPEUSDT,MARKET,SELL,40.58208218680000000000,0.00000178420000000000,22745254.00000000000000000000,0.04058208218680000000,2280000000215852324,1629493069063919872,2024-02-26 22:31:51
PEPEUSDT,MARKET,SELL,1.19547237150000000000,0.00000178470000000000,669845.00000000000000000000,0.00119547237150000000,2280000000215852319,1629493069063919872,2024-02-26 22:31:51
PEPEUSDT,MARKET,SELL,203.91118486400000000000,0.00000178550000000000,114203968.00000000000000000000,0.20391118486400000000,2280000000215852315,1629493069063919872,2024-02-26 22:31:51
PEPEUSDT,MARKET,SELL,24.26760652200000000000,0.00000178350000000000,13606732.00000000000000000000,0.02426760652200000000,2280000000215852329,1629493069063919872,2024-02-26 22:31:51
PEPEUSDT,MARKET,BUY,474.38706321480000000000,0.00000153870000000000,308303804.00000000000000000000,308303.80400000000000000000,2280000000215348588,1629313816875768064,2024-02-26 16:35:42
PEPEUSDT,MARKET,BUY,500.16252702330000000000,0.00000153870000000000,325055259.00000000000000000000,325055.25900000000000000000,2280000000215348587,1629313816875768064,2024-02-26 16:35:42
PEPEUSDT,MARKET,BUY,112.22155008400000000000,0.00000153850000000000,72942184.00000000000000000000,72942.18400000000000000000,2280000000215348585,1629313816875768064,2024-02-26 16:35:42
PEPEUSDT,MARKET,BUY,113.22890814620000000000,0.00000153860000000000,73592167.00000000000000000000,73592.16700000000000000000,2280000000215348586,1629313816875768064,2024-02-26 16:35:42
NEARUSDT,MARKET,BUY,1.97895600000000000000,3.14120000000000000000,0.63000000000000000000,0.00063000000000000000,2270000000113565972,1625828098534807808,2024-02-21 21:10:12
NEARUSDT,MARKET,BUY,2.96913000000000000000,3.12540000000000000000,0.95000000000000000000,0.00095000000000000000,2270000000113564429,1625825227047180544,2024-02-21 21:04:30
MAVIAUSDT,LIMIT,SELL,24.22200000000000000000,7.34000000000000000000,3.30000000000000000000,0.02422200000000000000,2230000000105614862,1625824981042862336,2024-02-21 21:04:00
ZETAUSDT,MARKET,SELL,12.12485400000000000000,2.60190000000000000000,4.66000000000000000000,0.01212485400000000000,2230000000100618862,1621994853988833536,2024-02-16 14:14:14
MAVIAUSDT,MARKET,SELL,9.93701800000000000000,6.99790000000000000000,1.42000000000000000000,0.00993701800000000000,2230000000099790914,1621250962499049728,2024-02-15 13:36:15
ZETAUSDT,MARKET,SELL,17.78033400000000000000,2.34260000000000000000,7.59000000000000000000,0.01778033400000000000,2230000000099790788,1621250807301413120,2024-02-15 13:35:56
ZETAUSDT,MARKET,SELL,7.13822400000000000000,2.08720000000000000000,3.42000000000000000000,0.00713822400000000000,2230000000098059001,1619395509632637184,2024-02-13 00:09:48
MAVIAUSDT,MARKET,SELL,13.27990000000000000000,8.09750000000000000000,1.64000000000000000000,0.01327990000000000000,2230000000098058912,1619395391286155520,2024-02-13 00:09:34
ZETAUSDT,MARKET,SELL,50.17770000000000000000,1.97550000000000000000,25.40000000000000000000,0.05017770000000000000,2230000000097792101,1619140378592811264,2024-02-12 15:42:54
